Year,all_nba,Player
2017.0,1,LeBron James
2017.0,1,Kawhi Leonard
2017.0,1,Anthony Davis
2017.0,1,James Harden
2017.0,1,Russell Westbrook
2017.0,2,Giannis Antetokounmpo
2017.0,2,Kevin Durant
2017.0,2,Rudy Gobert
2017.0,2,Stephen Curry
2017.0,2,Isaiah Thomas
2017.0,3,Draymond Green
2017.0,3,Jimmy Butler
2017.0,3,DeAndre Jordan
2017.0,3,John Wall
2017.0,3,DeMar DeRozan
2016.0,1,LeBron James
2016.0,1,Kawhi Leonard
2016.0,1,DeAndre Jordan
2016.0,1,Stephen Curry
2016.0,1,Russell Westbrook
2016.0,2,Kevin Durant
2016.0,2,Draymond Green
2016.0,2,DeMarcus Cousins
2016.0,2,Chris Paul
2016.0,2,Damian Lillard
2016.0,3,Paul George
2016.0,3,LaMarcus Aldridge
2016.0,3,Andre Drummond
2016.0,3,Klay Thompson
2016.0,3,Kyle Lowry
2015.0,1,LeBron James
2015.0,1,Anthony Davis
2015.0,1,Marc Gasol
2015.0,1,Stephen Curry
2015.0,1,James Harden
2015.0,2,LaMarcus Aldridge
2015.0,2,DeMarcus Cousins
2015.0,2,Pau Gasol
2015.0,2,Russell Westbrook
2015.0,2,Chris Paul
2015.0,3,Blake Griffin
2015.0,3,Tim Duncan
2015.0,3,DeAndre Jordan
2015.0,3,Klay Thompson
2015.0,3,Kyrie Irving
2014.0,1,Kevin Durant
2014.0,1,LeBron James
2014.0,1,Joakim Noah
2014.0,1,James Harden
2014.0,1,Chris Paul
2014.0,2,Blake Griffin
2014.0,2,Kevin Love
2014.0,2,Dwight Howard
2014.0,2,Stephen Curry
2014.0,2,Tony Parker
2014.0,3,Paul George
2014.0,3,LaMarcus Aldridge
2014.0,3,Al Jefferson
2014.0,3,Goran Dragic
2014.0,3,Damian Lillard
2013.0,1,LeBron James
2013.0,1,Kevin Durant
2013.0,1,Tim Duncan
2013.0,1,Kobe Bryant
2013.0,1,Chris Paul
2013.0,2,Carmelo Anthony
2013.0,2,Blake Griffin
2013.0,2,Marc Gasol
2013.0,2,Tony Parker
2013.0,2,Russell Westbrook
2013.0,3,David Lee
2013.0,3,Paul George
2013.0,3,Dwight Howard
2013.0,3,Dwyane Wade
2013.0,3,James Harden
2012.0,1,Kevin Durant
2012.0,1,LeBron James
2012.0,1,Dwight Howard
2012.0,1,Kobe Bryant
2012.0,1,Derrick Rose
2012.0,2,Kevin Love
2012.0,2,Blake Griffin
2012.0,2,Andrew Bynum
2012.0,2,Tony Parker
2012.0,2,Russell Westbrook
2012.0,3,Carmelo Anthony
2012.0,3,Dirk Nowitzki
2012.0,3,Tyson Chandler
2012.0,3,Dwyane Wade
2012.0,3,Rajon Rondo
2011.0,1,Kevin Durant
2011.0,1,LeBron James
2011.0,1,Dwight Howard
2011.0,1,Kobe Bryant
2011.0,1,Derrick Rose
2011.0,2,Pau Gasol
2011.0,2,Dirk Nowitzki
2011.0,2,Amar'e Stoudemire
2011.0,2,Dwyane Wade
2011.0,2,Russell Westbrook
2011.0,3,LaMarcus Aldridge
2011.0,3,Zach Randolph
2011.0,3,Al Horford
2011.0,3,Manu Ginobili
2011.0,3,Chris Paul
2010.0,1,Kevin Durant
2010.0,1,LeBron James
2010.0,1,Dwight Howard
2010.0,1,Kobe Bryant
2010.0,1,Dwyane Wade
2010.0,2,Carmelo Anthony
2010.0,2,Dirk Nowitzki
2010.0,2,Amar'e Stoudemire
2010.0,2,Steve Nash
2010.0,2,Deron Williams
2010.0,3,Tim Duncan
2010.0,3,Pau Gasol
2010.0,3,Andrew Bogut
2010.0,3,Joe Johnson
2010.0,3,Brandon Roy
2009.0,1,Dirk Nowitzki
2009.0,1,LeBron James
2009.0,1,Dwight Howard
2009.0,1,Kobe Bryant
2009.0,1,Dwyane Wade
2009.0,2,Tim Duncan
2009.0,2,Paul Pierce
2009.0,2,Yao Ming
2009.0,2,Chris Paul
2009.0,2,Brandon Roy
2009.0,3,Carmelo Anthony
2009.0,3,Pau Gasol
2009.0,3,Shaquille O'Neal
2009.0,3,Chauncey Billups
2009.0,3,Tony Parker
2008.0,1,Kevin Garnett
2008.0,1,LeBron James
2008.0,1,Dwight Howard
2008.0,1,Kobe Bryant
2008.0,1,Chris Paul
2008.0,2,Tim Duncan
2008.0,2,Dirk Nowitzki
2008.0,2,Amar'e Stoudemire
2008.0,2,Steve Nash
2008.0,2,Deron Williams
2008.0,3,Carlos Boozer
2008.0,3,Paul Pierce
2008.0,3,Yao Ming
2008.0,3,Manu Ginobili
2008.0,3,Tracy McGrady
2007.0,1,Tim Duncan
2007.0,1,Dirk Nowitzki
2007.0,1,Amar'e Stoudemire
2007.0,1,Kobe Bryant
2007.0,1,Steve Nash
2007.0,2,Chris Bosh
2007.0,2,LeBron James
2007.0,2,Yao Ming
2007.0,2,Gilbert Arenas
2007.0,2,Tracy McGrady
2007.0,3,Carmelo Anthony
2007.0,3,Kevin Garnett
2007.0,3,Dwight Howard
2007.0,3,Chauncey Billups
2007.0,3,Dwyane Wade
2006.0,1,LeBron James
2006.0,1,Dirk Nowitzki
2006.0,1,Shaquille O'Neal
2006.0,1,Kobe Bryant
2006.0,1,Steve Nash
2006.0,2,Elton Brand
2006.0,2,Tim Duncan
2006.0,2,Ben Wallace
2006.0,2,Chauncey Billups
2006.0,2,Dwyane Wade
2006.0,3,Carmelo anthony
2006.0,3,Kevin Garnett
2006.0,3,Yao Ming
2006.0,3,Gilbert Arenas
2006.0,3,Allen Iverson
2005.0,1,Tim Duncan
2005.0,1,Dirk Nowitzki
2005.0,1,Shaquille O'Neal
2005.0,1,Allen Iverson
2005.0,1,Steve Nash
2005.0,2,Kevin Garnett
2005.0,2,LeBron James
2005.0,2,Amar'e Stoudemire
2005.0,2,Ray Allen
2005.0,2,Dwyane Wade
2005.0,3,Shawn Marion
2005.0,3,Tracy McGrady
2005.0,3,Ben Wallace
2005.0,3,Gilbert Arenas
2005.0,3,Kobe Bryant
2004.0,1,Tim Duncan
2004.0,1,Kevin Garnett
2004.0,1,Shaquille O'Neal
2004.0,1,Kobe Bryant
2004.0,1,Jason Kidd
2004.0,2,Tracy McGrady
2004.0,2,Peja Stojakovic
2004.0,2,Jermaine O'Neal
2004.0,2,Ben Wallace
2004.0,2,Sam Cassell
2004.0,3,Ron Artest
2004.0,3,Dirk Nowitzki
2004.0,3,Yao Ming
2004.0,3,Baron Davis
2004.0,3,Michael Redd
2003.0,1,Tim Duncan
2003.0,1,Kevin Garnett
2003.0,1,Shaquille O'Neal
2003.0,1,Kobe Bryant
2003.0,1,Tracy McGrady
2003.0,2,Dirk Nowitzki
2003.0,2,Chris Webber
2003.0,2,Ben Wallace
2003.0,2,Allen Iverson
2003.0,2,Jason Kidd
2003.0,3,Jamal Mashburn
2003.0,3,Paul Pierce
2003.0,3,Jermaine O'Neal
2003.0,3,Stephon Marbury
2003.0,3,Steve Nash
2002.0,1,Tim Duncan
2002.0,1,Tracy McGrady
2002.0,1,Shaquille O'Neal
2002.0,1,Kobe Bryant
2002.0,1,Jason Kidd
2002.0,2,Kevin Garnett
2002.0,2,Chris Webber
2002.0,2,Dirk Nowitzki
2002.0,2,Allen Iverson
2002.0,2,Gary Payton
2002.0,3,Jermaine O'Neal
2002.0,3,Ben Wallace
2002.0,3,Dikembe Mutombo
2002.0,3,Steve Nash
2002.0,3,Paul Pierce
2001.0,1,Tim Duncan
2001.0,1,Chris Webber
2001.0,1,Shaquille O'Neal
2001.0,1,Allen Iverson
2001.0,1,Jason Kidd
2001.0,2,Kevin Garnett
2001.0,2,Vince Carter
2001.0,2,Dikembe Mutombo
2001.0,2,Kobe Bryant
2001.0,2,Tracy McGrady
2001.0,3,Karl Malone
2001.0,3,Dirk Nowitzki
2001.0,3,David Robinson
2001.0,3,Ray Allen
2001.0,3,Gary Payton
2000.0,1,Tim Duncan
2000.0,1,Kevin Garnett
2000.0,1,Shaquille O'Neal
2000.0,1,Gary Payton
2000.0,1,Jason Kidd
2000.0,2,Grant Hill
2000.0,2,Karl Malone
2000.0,2,Alonzo Mourning
2000.0,2,Kobe Bryant
2000.0,2,Allen Iverson
2000.0,3,Vince Carter
2000.0,3,Chris Webber
2000.0,3,David Robinson
2000.0,3,Eddie Jones
2000.0,3,Stephon Marbury
1999.0,1,Tim Duncan
1999.0,1,Karl Malone
1999.0,1,Alonzo Mourning
1999.0,1,Allen Iverson
1999.0,1,Jason Kidd
1999.0,2,Grant Hill
1999.0,2,Chris Webber
1999.0,2,Shaquille O'Neal
1999.0,2,Tim Hardaway
1999.0,2,Gary Payton
1999.0,3,Kevin Garnett
1999.0,3,Antonio McDyess
1999.0,3,Hakeem Olajuwon
1999.0,3,Kobe Bryant
1999.0,3,John Stockton
1998.0,1,Tim Duncan
1998.0,1,Karl Malone
1998.0,1,Shaquille O'Neal
1998.0,1,Michael Jordan
1998.0,1,Gary Payton
1998.0,2,Grant Hill
1998.0,2,Vin Baker
1998.0,2,David Robinson
1998.0,2,Tim Hardaway
1998.0,2,Rod Strickland
1998.0,3,Scottie Pippen
1998.0,3,Glen Rice
1998.0,3,Dikembe Mutombo
1998.0,3,Reggie Miller
1998.0,3,Mitch Richmond
1997.0,1,Grant Hill
1997.0,1,Karl Malone
1997.0,1,Hakeem Olajuwon
1997.0,1,Michael Jordan
1997.0,1,Tim Hardaway
1997.0,2,Scottie Pippen
1997.0,2,Glen Rice
1997.0,2,Patrick Ewing
1997.0,2,Gary Payton
1997.0,2,Mitch Richmond
1997.0,3,Vin Baker
1997.0,3,Anthony Mason
1997.0,3,Shaquille O'Neal
1997.0,3,Anfernee Hardaway
1997.0,3,John Stockton
1996.0,1,Scottie Pippen
1996.0,1,Karl Malone
1996.0,1,David Robinson
1996.0,1,Michael Jordan
1996.0,1,Anfernee Hardaway
1996.0,2,Grant Hill
1996.0,2,Shawn Kemp
1996.0,2,Hakeem Olajuwon
1996.0,2,Gary Payton
1996.0,2,John Stockton
1996.0,3,Charles Barkley
1996.0,3,Juwan Howard
1996.0,3,Shaquille O'Neal
1996.0,3,Reggie Miller
1996.0,3,Mitch Richmond
1995.0,1,Scottie Pippen
1995.0,1,Karl Malone
1995.0,1,David Robinson
1995.0,1,John Stockton
1995.0,1,Anfernee Hardaway
1995.0,2,Charles Barkley
1995.0,2,Shawn Kemp
1995.0,2,Shaquille O'Neal
1995.0,2,Gary Payton
1995.0,2,Mitch Richmond
1995.0,3,Dennis Rodman
1995.0,3,Detlef Schrempf
1995.0,3,Hakeem Olajuwon
1995.0,3,Reggie Miller
1995.0,3,Clyde Drexler
1994.0,1,Scottie Pippen
1994.0,1,Karl Malone
1994.0,1,Hakeem Olajuwon
1994.0,1,John Stockton
1994.0,1,Latrell Sprewell
1994.0,2,Charles Barkley
1994.0,2,Shawn Kemp
1994.0,2,David Robinson
1994.0,2,Kevin Johnson
1994.0,2,Mitch Richmond
1994.0,3,Derrick Coleman
1994.0,3,Dominique Wilkins
1994.0,3,Shaquille O'Neal
1994.0,3,Gary Payton
1994.0,3,Mark Price
1993.0,1,Charles Barkley
1993.0,1,Karl Malone
1993.0,1,Hakeem Olajuwon
1993.0,1,Michael Jordan
1993.0,1,Mark Price
1993.0,2,Larry Johnson
1993.0,2,Dominique Wilkins
1993.0,2,Patrick Ewing
1993.0,2,Joe Dumars
1993.0,2,John Stockton
1993.0,3,Derrick Coleman
1993.0,3,Scottie Pippen
1993.0,3,David Robinson
1993.0,3,Tim Hardaway
1993.0,3,Drazen Petrovic
1992.0,1,Chris Mullin
1992.0,1,Karl Malone
1992.0,1,David Robinson
1992.0,1,Michael Jordan
1992.0,1,Clyde Drexler
1992.0,2,Charles Barkley
1992.0,2,Scottie Pippen
1992.0,2,Patrick Ewing
1992.0,2,Tim Hardaway
1992.0,2,John Stockton
1992.0,3,Dennis Rodman
1992.0,3,Kevin Willis
1992.0,3,Brad Daugherty
1992.0,3,Kevin Johnson
1992.0,3,Mark Price
1991.0,1,Charles Barkley
1991.0,1,Karl Malone
1991.0,1,David Robinson
1991.0,1,Michael Jordan
1991.0,1,Magic Johnson
1991.0,2,Chris Mullin
1991.0,2,Dominique Wilkins
1991.0,2,Patrick Ewing
1991.0,2,Clyde Drexler
1991.0,2,Kevin Johnson
1991.0,3,Bernard King
1991.0,3,James Worthy
1991.0,3,Hakeem Olajuwon
1991.0,3,Joe Dumars
1991.0,3,John Stockton
1990.0,1,Charles Barkley
1990.0,1,Karl Malone
1990.0,1,Patrick Ewing
1990.0,1,Michael Jordan
1990.0,1,Magic Johnson
1990.0,2,Larry Bird
1990.0,2,Tom Chambers
1990.0,2,Hakeem Olajuwon
1990.0,2,John Stockton
1990.0,2,Kevin Johnson
1990.0,3,Chris Mullin
1990.0,3,James Worthy
1990.0,3,David Robinson
1990.0,3,Joe Dumars
1990.0,3,Clyde Drexler
1989.0,1,Charles Barkley
1989.0,1,Karl Malone
1989.0,1,Hakeem Olajuwon
1989.0,1,Michael Jordan
1989.0,1,Magic Johnson
1989.0,2,Chris Mullin
1989.0,2,Tom Chambers
1989.0,2,Patrick Ewing
1989.0,2,John Stockton
1989.0,2,Clyde Drexler
1989.0,3,Terry Cummings
1989.0,3,Dominique Wilkins
1989.0,3,Robert Parish
1989.0,3,Dale Ellis
1989.0,3,Mark Price
1988.0,1,Charles Barkley
1988.0,1,Larry Bird
1988.0,1,Hakeem Olajuwon
1988.0,1,Michael Jordan
1988.0,1,Magic Johnson
1988.0,2,Karl Malone
1988.0,2,Dominique Wilkins
1988.0,2,Patrick Ewing
1988.0,2,John Stockton
1988.0,2,Clyde Drexler
1987.0,1,Kevin McHale
1987.0,1,Larry Bird
1987.0,1,Hakeem Olajuwon
1987.0,1,Michael Jordan
1987.0,1,Magic Johnson
1987.0,2,Charles Barkley
1987.0,2,Dominique Wilkins
1987.0,2,Moses Malone
1987.0,2,Fat Lever
1987.0,2,Isiah Thomas
1986.0,1,Dominique Wilkins
1986.0,1,Larry Bird
1986.0,1,Kareem Abdul-Jabbar
1986.0,1,Isiah Thomas
1986.0,1,Magic Johnson
1986.0,2,Charles Barkley
1986.0,2,Alex English
1986.0,2,Hakeem Olajuwon
1986.0,2,Sidney Moncrief
1986.0,2,Alvin Robertson
1985.0,1,Benard King
1985.0,1,Larry Bird
1985.0,1,Moses Malone
1985.0,1,Isiah Thomas
1985.0,1,Magic Johnson
1985.0,2,Terry Cummings
1985.0,2,Ralph Sampson
1985.0,2,Kareem Abdul-Jabbar
1985.0,2,Sidney Moncrief
1985.0,2,Michael Jordan
1984.0,1,Bernard King
1984.0,1,Larry Bird
1984.0,1,Kareem Abdul-Jabbar
1984.0,1,Isiah Thomas
1984.0,1,Magic Johnson
1984.0,2,Adrian Dantley
1984.0,2,Julius Erving
1984.0,2,Moses Malone
1984.0,2,Sidney Moncrief
1984.0,2,Jim Paxson
1983.0,1,Julius Erving
1983.0,1,Larry Bird
1983.0,1,Moses Malone
1983.0,1,Sidney Moncrief
1983.0,1,Magic Johnson
1983.0,2,Alex English
1983.0,2,Buck Williams
1983.0,2,Kareem Abdul-Jabbar
1983.0,2,George Gervin
1983.0,2,Isiah Thomas
1982.0,1,Julius Erving
1982.0,1,Larry Bird
1982.0,1,Moses Malone
1982.0,1,George Gervin
1982.0,1,Gus Williams
1982.0,2,Alex English
1982.0,2,Bernard King
1982.0,2,Robert Parish
1982.0,2,Sidney Moncrief
1982.0,2,Magic Johnson
1981.0,1,Julius Erving
1981.0,1,Larry Bird
1981.0,1,Kareem Abdul-Jabbar
1981.0,1,George Gervin
1981.0,1,Dennis Johnson
1981.0,2,Adrian Dantley
1981.0,2,Marques Johnson
1981.0,2,Moses Malone
1981.0,2,Tiny Archibald
1981.0,2,Otis Birdsong
1980.0,1,Julius Erving
1980.0,1,Larry Bird
1980.0,1,Kareem Abdul-Jabbar
1980.0,1,George Gervin
1980.0,1,Paul Westphal
1980.0,2,Dan Roundfield
1980.0,2,Marques Johnson
1980.0,2,Moses Malone
1980.0,2,Dennis Johnson
1980.0,2,Gus Williams
1979.0,1,Elvin Hayes
1979.0,1,Marques Johnson
1979.0,1,Moses Malone
1979.0,1,George Gervin
1979.0,1,Paul Westphal
1979.0,2,Bob Dandridge
1979.0,2,Walter Davis
1979.0,2,Kareem Abdul-Jabbar
1979.0,2,Phil Ford
1979.0,2,World B. Free
1978.0,1,Julius Erving
1978.0,1,Truck Robinson
1978.0,1,Bill Walton
1978.0,1,George Gervin
1978.0,1,David Thompson
1978.0,2,Maurice Lucas
1978.0,2,Walter Davis
1978.0,2,Kareem Abdul-Jabbar
1978.0,2,Pete Maravich
1978.0,2,Paul Westphal
1977.0,1,Elvin Hayes
1977.0,1,David Thompson
1977.0,1,Kareem Abdul-Jabbar
1977.0,1,Pete Maravich
1977.0,1,Paul Westphal
1977.0,2,Julius Erving
1977.0,2,George McGinnis
1977.0,2,Bill Walton
1977.0,2,George Gervin
1977.0,2,Jo Jo White
1976.0,1,Rick Barry
1976.0,1,George McGinnis
1976.0,1,Kareem Abdul-Jabbar
1976.0,1,Pete Maravich
1976.0,1,Tiny Archibald
1976.0,2,John Havlicek
1976.0,2,Elvin Hayes
1976.0,2,Dave Cowens
1976.0,2,Phil Smith
1976.0,2,Randy Smith
1975.0,1,Rick Barry
1975.0,1,Elvin Hayes
1975.0,1,Bob McAdoo
1975.0,1,Tiny Archibald
1975.0,1,Walt Frazier
1975.0,2,John Havlicek
1975.0,2,Spencer Haywood
1975.0,2,Dave Cowens
1975.0,2,Phil Chenier
1975.0,2,Jo Jo White
1974.0,1,Rick Barry
1974.0,1,John Havlicek
1974.0,1,Kareem Abdul-Jabbar
1974.0,1,Gail Goodrich
1974.0,1,Walt Frazier
1974.0,2,Elvin Hayes
1974.0,2,Spencer Haywood
1974.0,2,Bob McAdoo
1974.0,2,Dave Bing
1974.0,2,Norm Van Lier
1973.0,1,Spencer Haywood
1973.0,1,John Havlicek
1973.0,1,Kareem Abdul-Jabbar
1973.0,1,Tiny Archibald
1973.0,1,Jerry West
1973.0,2,Elvin Hayes
1973.0,2,Rick Barry
1973.0,2,Dave Cowens
1973.0,2,Walt Frazier
1973.0,2,Pete Maravich
1972.0,1,Spencer Haywood
1972.0,1,John Havlicek
1972.0,1,Kareem Abdul-Jabbar
1972.0,1,Walt Frazier
1972.0,1,Jerry West
1972.0,2,Billy Cunningham
1972.0,2,Bob Love
1972.0,2,Wilt Chamberlain
1972.0,2,Tiny Archibald
1972.0,2,Archie Clark
1971.0,1,Billy Cunningham
1971.0,1,John Havlicek
1971.0,1,Kareem Abdul-Jabbar
1971.0,1,Dave Bing
1971.0,1,Jerry West
1971.0,2,Gus Johnson
1971.0,2,Bob Love
1971.0,2,Willis Reed
1971.0,2,Walt Frazier
1971.0,2,Oscar Robertson
1970.0,1,Billy Cunningham
1970.0,1,Connie Hawkins
1970.0,1,Willis Reed
1970.0,1,Walt Frazier
1970.0,1,Jerry West
1970.0,2,Gus Johnson
1970.0,2,John Havlicek
1970.0,2,Kareem Abdul-Jabbar
1970.0,2,Lou Hudson
1970.0,2,Oscar Robertson
1969.0,1,Billy Cunningham
1969.0,1,Elgin Baylor
1969.0,1,Wes Unseld
1969.0,1,Earl Monroe
1969.0,1,Oscar Robertson
1969.0,2,Dave DeBusschere
1969.0,2,John Havlicek
1969.0,2,Willis Reed
1969.0,2,Hal Greer
1969.0,2,Jerry West
1968.0,1,Jerry Lucas
1968.0,1,Elgin Baylor
1968.0,1,Wilt Chamberlain
1968.0,1,Dave Bing
1968.0,1,Oscar Robertson
1968.0,2,Willis Reed
1968.0,2,John Havlicek
1968.0,2,Bill Russell
1968.0,2,Hal Greer
1968.0,2,Jerry West
1967.0,1,Rick Barry
1967.0,1,Elgin Baylor
1967.0,1,Wilt Chamberlain
1967.0,1,Jerry West
1967.0,1,Oscar Robertson
1967.0,2,Willis Reed
1967.0,2,Jerry Lucas
1967.0,2,Bill Russell
1967.0,2,Hal Greer
1967.0,2,Sam Jones
1966.0,1,Rick Barry
1966.0,1,Jerry Lucas
1966.0,1,Wilt Chamberlain
1966.0,1,Jerry West
1966.0,1,Oscar Robertson
1966.0,2,John Havlicek
1966.0,2,Gus Johnson
1966.0,2,Bill Russell
1966.0,2,Hal Greer
1966.0,2,Sam Jones
1965.0,1,Elgin Baylor
1965.0,1,Jerry Lucas
1965.0,1,Bill Russell
1965.0,1,Jerry West
1965.0,1,Oscar Robertson
1965.0,2,Bob Pettit
1965.0,2,Gus Johnsson
1965.0,2,Wilt Chamberlain
1965.0,2,Hal Greer
1965.0,2,Sam Jones
1964.0,1,Elgin Baylor
1964.0,1,Bob Pettit
1964.0,1,Wilt Chamberlain
1964.0,1,Jerry West
1964.0,1,Oscar Robertson
1964.0,2,Tom Heinsohn
1964.0,2,Jerry Lucas
1964.0,2,Bill Russell
1964.0,2,Hal Greer
1964.0,2,John Havlicek
1963.0,1,Elgin Baylor
1963.0,1,Bob Pettit
1963.0,1,Bill Russell
1963.0,1,Jerry West
1963.0,1,Oscar Robertson
1963.0,2,Tom Heinsohn
1963.0,2,Bailey Howell
1963.0,2,Wilt Chamberlain
1963.0,2,Hal Greer
1963.0,2,Bob Cousy
1962.0,1,Elgin baylor
1962.0,1,Bob Pettit
1962.0,1,Wilt Chamberlain
1962.0,1,Jerry West
1962.0,1,Oscar Robertson
1962.0,2,Tom Heinsohn
1962.0,2,Jack Twyman
1962.0,2,Bill Russell
1962.0,2,Richie Guerin
1962.0,2,Bob Cousy
1961.0,1,Elgin Baylor
1961.0,1,Bob Pettit
1961.0,1,Wilt Chamberlain
1961.0,1,Bob Cousy
1961.0,1,Oscar Robertson
1961.0,2,Tom Heinsohn
1961.0,2,Dolph Schayes
1961.0,2,Bill Russell
1961.0,2,Larry Costello
1961.0,2,Gene Shue
1960.0,1,Elgin Baylor
1960.0,1,Bob Pettit
1960.0,1,Wilt Chamberlain
1960.0,1,Bob Cousy
1960.0,1,Gene Shue
1960.0,2,Jack Twyman
1960.0,2,Dolph Schayes
1960.0,2,Bill Russell
1960.0,2,Richie Griffin
1960.0,2,Bill Sharman
1959.0,1,Elgin Baylor
1959.0,1,Bob Pettit
1959.0,1,Bill Russell
1959.0,1,Bob Cousy
1959.0,1,Bill Sharman
1959.0,2,Paul Arizin
1959.0,2,Cliff Hagan
1959.0,2,Dolph Schayes
1959.0,2,Richie Guerin
1959.0,2,Slater Martin
1958.0,1,Dolph Schayes
1958.0,1,George Yardley
1958.0,1,Bob Pettit
1958.0,1,Bob Cousy
1958.0,1,Bill Sharman
1958.0,2,Maurice Stokes
1958.0,2,Cliff Hagan
1958.0,2,Bill Russell
1958.0,2,Tom Gola
1958.0,2,Slater Martin
1957.0,1,Dolph Schayes
1957.0,1,Paul Arizin
1957.0,1,Bob Pettit
1957.0,1,Bob Cousy
1957.0,1,Bill Sharman
1957.0,2,Maurice Stokes
1957.0,2,George Yardley
1957.0,2,Neil Johnson
1957.0,2,Dick Garmaker
1957.0,2,Slater Martin
1956.0,1,Bob Pettit
1956.0,1,Paul Arizin
1956.0,1,Neil Johnson
1956.0,1,Bob Cousy
1956.0,1,Bill Sharman
1956.0,2,Maurice Stokes
1956.0,2,Dolph Schayes
1956.0,2,Clyde Lovellette
1956.0,2,Jack George
1956.0,2,Slater Martin
